{"cameraMode":{"drawMode":0,"name":"Shaded","section":"Shading Mode"},"sceneLighting":true,"audioPlay":false,"sceneViewState":{"showFog":true,"showMaterialUpdate":false,"showSkybox":true,"showFlares":true,"showImageEffects":true,"showParticleSystems":true},"in2DMode":false,"pivot":{"x":0.8384149074554443,"y":1.8343607187271119,"z":0.248046875},"rotation":{"x":0.026963675394654275,"y":0.8566834926605225,"z":-0.0450185090303421,"w":0.5131663084030151},"size":4.341658592224121,"orthographic":true}